Accident_ID,Date,Hour,Time_of_Day,Road_Condition,Weather_Condition,Severity,Vehicles_Involved,Vehicle_Type,Location,Latitude,Longitude,Casualties
ACC001,2025-03-16,14,Afternoon,Icy,Rainy,Minor,3,Bus,Airport Road,17.440137300461537,78.44219940148784,0
ACC002,2025-02-11,23,Night,Wet,Clear,Major,2,Bike,Airport Road,17.434594104336114,78.45677808787943,1
ACC003,2025-04-02,4,Night,Under Construction,Rainy,Minor,2,Bus,Highway Exit 5,17.421122012922332,78.50010799331602,6
ACC004,2025-07-12,5,Night,Wet,Clear,Minor,5,Truck,Downtown Junction,17.378852813119742,78.49352349428924,5
ACC005,2025-05-02,14,Afternoon,Wet,Clear,Fatal,5,Truck,Airport Road,17.444346081557697,78.45549911199934,4
ACC006,2025-05-29,22,Night,Wet,Foggy,Minor,3,Bus,Industrial Area,17.358034724557623,78.51123886433449,0
ACC007,2025-06-03,20,Evening,Wet,Stormy,Major,4,Auto Rickshaw,Airport Road,17.446022174580914,78.45803359651308,2
ACC008,2025-03-17,1,Night,Under Construction,Rainy,Major,1,Car,Industrial Area,17.365641493438982,78.52772795278119,2
ACC009,2025-09-26,19,Evening,Dry,Foggy,Minor,3,Bus,Highway Exit 5,17.402250545544856,78.49128059850268,1
ACC010,2025-09-26,3,Night,Wet,Rainy,Fatal,4,Truck,Industrial Area,17.362369687703506,78.52319468552521,3
ACC011,2025-10-07,1,Night,Wet,Stormy,Major,1,Truck,Airport Road,17.448680826164605,78.44314937756872,0
ACC012,2025-03-13,6,Morning,Wet,Rainy,Fatal,4,Car,Downtown Junction,17.38581057763492,78.48618251015701,2
ACC013,2025-12-23,14,Afternoon,Wet,Clear,Minor,2,Truck,Industrial Area,17.36656716188978,78.51154827385102,4
ACC014,2025-05-18,12,Afternoon,Under Construction,Rainy,Minor,1,Bus,Market Road,17.407087767343434,78.46005671520103,6
ACC015,2025-06-05,1,Night,Icy,Clear,Minor,1,Car,Downtown Junction,17.379393398210105,78.4895818451826,5
ACC016,2025-11-17,0,Night,Under Construction,Rainy,Major,4,Car,Downtown Junction,17.389564163352606,78.48038541313774,0
ACC017,2025-01-12,22,Night,Under Construction,Stormy,Minor,2,Car,Industrial Area,17.363647469242693,78.51027302007428,2
ACC018,2025-09-17,12,Afternoon,Wet,Foggy,Minor,2,Auto Rickshaw,Highway Exit 5,17.41884892633207,78.4999919834024,2
ACC019,2025-02-07,20,Evening,Dry,Rainy,Minor,5,Auto Rickshaw,Airport Road,17.432220902092975,78.44601592691626,6
ACC020,2025-02-26,18,Evening,Wet,Rainy,Minor,3,Car,Industrial Area,17.351389150924483,78.52815605423473,3
ACC021,2025-01-11,18,Evening,Wet,Foggy,Minor,1,Auto Rickshaw,Highway Exit 5,17.413333205675602,78.50832295801445,1
ACC022,2025-10-11,18,Evening,Wet,Cloudy,Major,4,Car,Highway Exit 5,17.414914638196485,78.49868779591358,2
ACC023,2025-03-01,21,Night,Icy,Rainy,Major,3,Truck,Airport Road,17.430700549172617,78.4402839140929,4
ACC024,2025-02-27,17,Evening,Wet,Clear,Minor,4,Bike,Downtown Junction,17.385212461274484,78.48077076023407,0
ACC025,2025-12-10,16,Afternoon,Wet,Clear,Minor,1,Truck,Industrial Area,17.35079165144753,78.52156682531647,1
ACC026,2025-08-26,22,Night,Wet,Rainy,Minor,3,Car,Downtown Junction,17.381128076807403,78.49433288749265,5
ACC027,2025-08-13,19,Evening,Wet,Rainy,Minor,5,Truck,Highway Exit 5,17.42070235490679,78.5032572883403,0
ACC028,2025-02-14,10,Morning,Wet,Rainy,Major,4,Car,Industrial Area,17.35409163399171,78.52038446503315,3
ACC029,2025-11-03,21,Night,Under Construction,Rainy,Minor,1,Bus,Downtown Junction,17.37621480501075,78.4964682230743,1
ACC030,2025-04-10,13,Afternoon,Wet,Rainy,Fatal,4,Bus,Highway Exit 5,17.407196340282844,78.48955046911944,2
ACC031,2025-05-04,16,Afternoon,Wet,Rainy,Major,1,Truck,Highway Exit 5,17.41775011381752,78.49844763874565,1
ACC032,2025-12-05,16,Afternoon,Wet,Rainy,Major,1,Bike,Highway Exit 5,17.411978250652048,78.50875689516207,6
ACC033,2025-02-08,11,Morning,Icy,Rainy,Minor,5,Auto Rickshaw,Downtown Junction,17.389419133490428,78.48247162348238,3
ACC034,2025-07-06,10,Morning,Icy,Foggy,Minor,4,Auto Rickshaw,Highway Exit 5,17.41017236754997,78.50429036588953,5
ACC035,2025-02-19,16,Afternoon,Wet,Rainy,Minor,3,Bus,Highway Exit 5,17.406383269837928,78.50795522370028,2
ACC036,2025-07-28,22,Night,Dry,Rainy,Major,1,Auto Rickshaw,Downtown Junction,17.38075732840023,78.48893390724452,1
ACC037,2025-07-11,9,Morning,Wet,Rainy,Fatal,1,Auto Rickshaw,Highway Exit 5,17.416377633743043,78.50861486498951,6
ACC038,2025-02-20,8,Morning,Icy,Rainy,Minor,5,Car,Airport Road,17.439916273606485,78.45259394763555,2
ACC039,2025-04-04,2,Night,Snowy,Clear,Major,2,Auto Rickshaw,Downtown Junction,17.376706161102483,78.48894266047932,1
ACC040,2025-07-27,16,Afternoon,Wet,Cloudy,Minor,5,Bus,Downtown Junction,17.3917912494015,78.49250919305778,5
ACC041,2025-11-05,21,Night,Wet,Cloudy,Minor,4,Car,Downtown Junction,17.38401276332446,78.4910591351211,2
ACC042,2025-04-12,14,Afternoon,Dry,Clear,Major,4,Truck,Airport Road,17.434101975384717,78.45284179140427,3
ACC043,2025-01-05,0,Night,Under Construction,Stormy,Fatal,5,Truck,Airport Road,17.43286011292769,78.45671023546213,6
ACC044,2025-05-03,15,Afternoon,Wet,Rainy,Major,4,Bus,Highway Exit 5,17.41350616060363,78.50456598136978,3
ACC045,2025-03-01,17,Evening,Icy,Rainy,Minor,1,Car,Industrial Area,17.360173695747267,78.51774939438434,1
ACC046,2025-01-11,3,Night,Wet,Rainy,Minor,2,Auto Rickshaw,Downtown Junction,17.3845541661881,78.48896911064277,4
ACC047,2025-07-07,21,Night,Wet,Rainy,Minor,4,Car,Market Road,17.393816943195432,78.47085902810602,5
ACC048,2025-07-10,22,Night,Wet,Rainy,Fatal,4,Auto Rickshaw,Airport Road,17.44521583610691,78.44718346227585,0
ACC049,2025-02-09,12,Afternoon,Dry,Rainy,Minor,2,Bike,Downtown Junction,17.37599317893977,78.49082327454875,4
ACC050,2025-12-20,14,Afternoon,Icy,Cloudy,Major,3,Auto Rickshaw,Market Road,17.407930037658737,78.47786067593123,6
ACC051,2025-12-02,10,Morning,Dry,Clear,Fatal,3,Bike,Highway Exit 5,17.41489668520104,78.5076795843114,2
ACC052,2025-02-22,5,Night,Icy,Cloudy,Major,2,Truck,Market Road,17.394747426114456,78.46793007663948,3
ACC053,2025-03-14,12,Afternoon,Dry,Foggy,Minor,2,Bike,Market Road,17.393685958092405,78.47813461459944,2
ACC054,2025-10-15,20,Evening,Wet,Cloudy,Minor,4,Auto Rickshaw,Industrial Area,17.35771387004266,78.51851929895311,6
ACC055,2025-05-26,16,Afternoon,Snowy,Rainy,Minor,4,Truck,Airport Road,17.449838071016707,78.44656397008809,2
ACC056,2025-06-28,11,Morning,Wet,Rainy,Major,1,Car,Airport Road,17.43933703409968,78.4440066798287,0
ACC057,2025-10-14,22,Night,Wet,Foggy,Minor,1,Bus,Industrial Area,17.351991910239306,78.51987668657961,3
ACC058,2025-08-23,18,Evening,Dry,Clear,Minor,2,Car,Market Road,17.388495221874496,78.46907846623228,0
ACC059,2025-06-12,0,Night,Wet,Clear,Minor,1,Auto Rickshaw,Industrial Area,17.36552625356993,78.5119606375831,2
ACC060,2025-08-12,23,Night,Under Construction,Rainy,Major,1,Bus,Industrial Area,17.36501350311601,78.5136322156685,0
ACC061,2025-12-28,13,Afternoon,Snowy,Clear,Major,5,Bike,Downtown Junction,17.390209628233222,78.49156641686382,3
ACC062,2025-02-17,1,Night,Wet,Foggy,Minor,2,Bus,Airport Road,17.43077799328467,78.44793965306174,4
ACC063,2025-01-06,3,Night,Wet,Rainy,Minor,4,Truck,Market Road,17.405954606101897,78.47328544997724,1
ACC064,2025-06-09,7,Morning,Wet,Clear,Minor,1,Auto Rickshaw,Downtown Junction,17.389199806586866,78.48838043900851,4
ACC065,2025-11-27,23,Night,Wet,Cloudy,Fatal,5,Bike,Highway Exit 5,17.41734905464237,78.50706893651845,3
ACC066,2025-01-19,21,Night,Dry,Foggy,Major,3,Truck,Industrial Area,17.36499891807736,78.52478787739605,4
ACC067,2025-03-29,2,Night,Dry,Cloudy,Minor,1,Car,Industrial Area,17.356586072842095,78.52458448972043,4
ACC068,2025-05-18,17,Evening,Snowy,Clear,Minor,4,Car,Industrial Area,17.363465248818464,78.51188920223281,0
ACC069,2025-07-08,17,Evening,Wet,Clear,Minor,1,Bike,Downtown Junction,17.379452428328538,78.49373466336961,1
ACC070,2025-08-19,3,Night,Wet,Clear,Minor,2,Bus,Downtown Junction,17.384249849981686,78.490633194641,3
ACC071,2025-10-29,21,Night,Dry,Rainy,Minor,2,Car,Market Road,17.398806631438102,78.47979589043172,1
ACC072,2025-02-06,21,Night,Wet,Stormy,Minor,4,Bus,Industrial Area,17.36251767032104,78.52638504489443,0
ACC073,2025-05-13,11,Morning,Under Construction,Rainy,Minor,2,Bus,Industrial Area,17.368188104615612,78.51030533188128,3
ACC074,2025-05-23,3,Night,Wet,Rainy,Minor,3,Truck,Airport Road,17.441953076140095,78.45477112797322,4
ACC075,2025-12-29,14,Afternoon,Icy,Stormy,Minor,1,Auto Rickshaw,Industrial Area,17.367890730398244,78.5264708995533,4
ACC076,2025-01-08,13,Afternoon,Dry,Rainy,Major,5,Car,Highway Exit 5,17.40736715438819,78.4952982916543,0
ACC077,2025-04-03,9,Morning,Wet,Foggy,Major,4,Bus,Market Road,17.400849405015197,78.46265245951852,0
ACC078,2025-05-08,23,Night,Icy,Rainy,Fatal,1,Car,Market Road,17.391550081347162,78.46283901878336,1
ACC079,2025-02-02,1,Night,Wet,Clear,Major,4,Auto Rickshaw,Highway Exit 5,17.411537525586205,78.50112147771657,4
ACC080,2025-05-25,21,Night,Wet,Rainy,Minor,1,Truck,Airport Road,17.435967384042055,78.4565789336215,0
ACC081,2025-07-05,12,Afternoon,Wet,Rainy,Major,2,Bike,Highway Exit 5,17.414585862472855,78.49241063653223,3
ACC082,2025-08-21,3,Night,Wet,Stormy,Minor,4,Car,Airport Road,17.447753738442835,78.44691461203023,1
ACC083,2025-08-04,15,Afternoon,Icy,Rainy,Minor,5,Auto Rickshaw,Airport Road,17.43522344894953,78.45232084389284,0
ACC084,2025-12-06,5,Night,Dry,Stormy,Major,1,Truck,Industrial Area,17.35020877338122,78.52614625136131,5
ACC085,2025-05-25,14,Afternoon,Wet,Rainy,Fatal,5,Bike,Industrial Area,17.35519012721594,78.52496773684004,6
ACC086,2025-10-27,22,Night,Wet,Foggy,Minor,2,Car,Industrial Area,17.3526571398311,78.5192962909009,6
ACC087,2025-11-22,9,Morning,Wet,Rainy,Fatal,5,Auto Rickshaw,Downtown Junction,17.389005380135103,78.49451480102952,6
ACC088,2025-11-06,23,Night,Dry,Clear,Minor,3,Car,Industrial Area,17.360664352517276,78.51475652077232,3
ACC089,2025-08-23,16,Afternoon,Wet,Rainy,Major,3,Truck,Industrial Area,17.362834417410127,78.51039170896384,1
ACC090,2025-11-19,10,Morning,Under Construction,Foggy,Minor,4,Bus,Downtown Junction,17.386622587031393,78.49255886810873,1
ACC091,2025-02-25,6,Morning,Snowy,Foggy,Minor,2,Bus,Downtown Junction,17.378310924624632,78.49393799372076,0
ACC092,2025-02-19,6,Morning,Under Construction,Stormy,Minor,5,Truck,Airport Road,17.441901849375167,78.44452892602257,3
ACC093,2025-01-24,1,Night,Wet,Rainy,Major,2,Bus,Industrial Area,17.35100481124813,78.51323800691216,1
ACC094,2025-04-13,9,Morning,Wet,Clear,Major,4,Bike,Highway Exit 5,17.417245022410086,78.49364574940792,4
ACC095,2025-04-27,13,Afternoon,Wet,Clear,Major,3,Truck,Airport Road,17.431014594487536,78.4506210840833,1
ACC096,2025-04-15,16,Afternoon,Icy,Rainy,Fatal,4,Bike,Highway Exit 5,17.415218566282174,78.50660099801556,1
ACC097,2025-02-05,23,Night,Wet,Foggy,Minor,2,Car,Industrial Area,17.363053866449768,78.51915248438857,5
ACC098,2025-11-11,12,Afternoon,Wet,Rainy,Minor,1,Bus,Airport Road,17.445415980135348,78.442681113551,2
ACC099,2025-05-31,22,Night,Dry,Rainy,Minor,3,Bus,Market Road,17.40090421021572,78.47024507177655,3
ACC100,2025-01-07,5,Night,Wet,Rainy,Minor,1,Truck,Airport Road,17.445403348115473,78.44581242593037,2
ACC101,2025-07-03,18,Evening,Wet,Rainy,Minor,3,Car,Downtown Junction,17.383628532201705,78.48063816675794,3
ACC102,2025-05-02,1,Night,Wet,Clear,Minor,5,Bus,Highway Exit 5,17.41737573588719,78.49903995312707,2
ACC103,2025-02-16,18,Evening,Icy,Rainy,Major,5,Bike,Industrial Area,17.369746050550553,78.51548603088668,6
ACC104,2025-05-04,0,Night,Icy,Rainy,Minor,2,Bus,Downtown Junction,17.380597041797706,78.49433238022212,1
ACC105,2025-11-11,18,Evening,Dry,Rainy,Fatal,5,Truck,Industrial Area,17.369711853161725,78.52394901820652,4
ACC106,2025-09-04,23,Night,Wet,Rainy,Major,4,Bike,Industrial Area,17.355023772390947,78.52720632960042,0
ACC107,2025-11-25,7,Morning,Wet,Cloudy,Minor,1,Car,Downtown Junction,17.38241344312324,78.48112935935946,6
ACC108,2025-04-04,18,Evening,Wet,Cloudy,Major,1,Car,Highway Exit 5,17.40739219757707,78.5011465006537,1
ACC109,2025-12-19,18,Evening,Snowy,Cloudy,Major,3,Truck,Downtown Junction,17.38652319313899,78.48166434912842,6
ACC110,2025-11-27,16,Afternoon,Icy,Cloudy,Major,5,Car,Market Road,17.402644668068437,78.46172360200194,3
ACC111,2025-05-17,12,Afternoon,Under Construction,Rainy,Minor,3,Bike,Airport Road,17.44871010213161,78.44498166350792,6
ACC112,2025-06-28,17,Evening,Icy,Clear,Minor,3,Bike,Airport Road,17.449987120677775,78.45358441675006,5
ACC113,2025-03-30,22,Night,Under Construction,Clear,Fatal,2,Bike,Airport Road,17.439630570830463,78.44637090284482,5
ACC114,2025-01-24,21,Night,Wet,Rainy,Fatal,1,Car,Highway Exit 5,17.403647132308844,78.50243492265831,3
ACC115,2025-07-28,12,Afternoon,Dry,Rainy,Fatal,5,Auto Rickshaw,Highway Exit 5,17.421467921490667,78.48986890699983,4
ACC116,2025-12-27,6,Morning,Icy,Rainy,Minor,1,Auto Rickshaw,Airport Road,17.44358938588318,78.45741439480729,2
ACC117,2025-05-25,11,Morning,Wet,Rainy,Minor,1,Auto Rickshaw,Downtown Junction,17.378853956057295,78.4949056350128,5
ACC118,2025-03-18,8,Morning,Under Construction,Rainy,Minor,3,Car,Highway Exit 5,17.405324655065808,78.49973725605012,5
ACC119,2025-11-24,17,Evening,Dry,Stormy,Minor,4,Truck,Industrial Area,17.368623695818375,78.52915114431057,2
ACC120,2025-04-17,17,Evening,Dry,Foggy,Major,1,Car,Industrial Area,17.36959516722293,78.5246984321199,0
ACC121,2025-02-27,4,Night,Wet,Rainy,Minor,5,Truck,Market Road,17.400538942119187,78.46546328219685,2
ACC122,2025-12-08,0,Night,Wet,Foggy,Major,3,Bike,Downtown Junction,17.39317409893941,78.49211750370262,4
ACC123,2025-05-09,3,Night,Wet,Cloudy,Minor,3,Car,Airport Road,17.433392527334814,78.44199151300487,1
ACC124,2025-06-02,22,Night,Wet,Cloudy,Minor,3,Bus,Industrial Area,17.36855479290758,78.51126016871696,4
ACC125,2025-05-18,19,Evening,Wet,Foggy,Minor,2,Truck,Downtown Junction,17.382397162612616,78.48944535579204,6
ACC126,2025-04-29,14,Afternoon,Wet,Rainy,Minor,4,Bus,Airport Road,17.44614733349052,78.45284568542783,5
ACC127,2025-09-14,19,Evening,Wet,Stormy,Minor,1,Bike,Airport Road,17.43723637168119,78.45411083967436,0
ACC128,2025-03-13,14,Afternoon,Wet,Foggy,Minor,2,Bike,Downtown Junction,17.37939524204508,78.49169028851001,4
ACC129,2025-09-29,22,Night,Under Construction,Clear,Minor,5,Bike,Downtown Junction,17.38510450063899,78.48542452437847,3
ACC130,2025-10-01,11,Morning,Under Construction,Stormy,Minor,5,Auto Rickshaw,Downtown Junction,17.382098515617564,78.49143340644339,0
ACC131,2025-11-11,0,Night,Dry,Clear,Major,1,Truck,Market Road,17.401159166462023,78.47786930135265,6
ACC132,2025-10-05,11,Morning,Icy,Stormy,Minor,1,Bus,Airport Road,17.445677294247034,78.44988836679104,4
ACC133,2025-07-09,10,Morning,Under Construction,Rainy,Minor,3,Bike,Market Road,17.39204994245359,78.4767554363405,3
ACC134,2025-04-13,23,Night,Dry,Rainy,Minor,3,Auto Rickshaw,Downtown Junction,17.385769664208066,78.47925151900344,4
ACC135,2025-02-19,9,Morning,Wet,Rainy,Minor,2,Car,Market Road,17.38821953741379,78.46924368080643,4
ACC136,2025-06-04,23,Night,Wet,Rainy,Minor,2,Truck,Industrial Area,17.364977876479372,78.5234116673197,3
ACC137,2025-12-12,15,Afternoon,Wet,Rainy,Minor,4,Bus,Industrial Area,17.35723531148431,78.5271805210459,4
ACC138,2025-07-20,3,Night,Dry,Cloudy,Fatal,5,Bike,Market Road,17.39862676157348,78.47708552561421,4
ACC139,2025-11-29,22,Night,Icy,Rainy,Minor,3,Bike,Downtown Junction,17.375324304184222,78.47795025253131,0
ACC140,2025-06-30,7,Morning,Wet,Rainy,Major,5,Auto Rickshaw,Industrial Area,17.357355182918543,78.52447964376697,2
ACC141,2025-08-18,13,Afternoon,Snowy,Foggy,Minor,2,Car,Highway Exit 5,17.415711941098156,78.50499001020138,2
ACC142,2025-10-03,4,Night,Dry,Cloudy,Minor,4,Bus,Airport Road,17.444713604066642,78.4573283179238,0
ACC143,2025-01-01,11,Morning,Snowy,Clear,Major,4,Auto Rickshaw,Market Road,17.40532899519605,78.4700771430073,0
ACC144,2025-10-31,1,Night,Wet,Clear,Fatal,2,Bike,Downtown Junction,17.383316728509367,78.4777589777173,2
ACC145,2025-09-19,8,Morning,Wet,Foggy,Major,3,Truck,Airport Road,17.4480421560923,78.45829344933595,6
ACC146,2025-11-17,12,Afternoon,Wet,Cloudy,Major,2,Bike,Market Road,17.40003047273719,78.47174561770169,2
ACC147,2025-05-31,18,Evening,Wet,Foggy,Minor,1,Bus,Market Road,17.395702449304494,78.47232571902026,3
ACC148,2025-11-09,12,Afternoon,Wet,Rainy,Fatal,3,Car,Airport Road,17.431714208325708,78.45382261160671,1
ACC149,2025-05-27,14,Afternoon,Wet,Rainy,Minor,1,Truck,Downtown Junction,17.39165904273888,78.48252914966166,6
ACC150,2025-07-31,12,Afternoon,Icy,Cloudy,Minor,2,Auto Rickshaw,Market Road,17.391421959110506,78.47426399768653,5
ACC151,2025-10-22,10,Morning,Wet,Rainy,Minor,5,Bus,Downtown Junction,17.376046617732488,78.48623349063998,5
ACC152,2025-04-03,16,Afternoon,Dry,Clear,Minor,1,Car,Downtown Junction,17.37666741923166,78.4822450231361,3
ACC153,2025-01-18,5,Night,Dry,Clear,Minor,1,Bus,Downtown Junction,17.37774274064323,78.49562177973768,2
ACC154,2025-07-28,20,Evening,Wet,Cloudy,Fatal,2,Bike,Market Road,17.38869886184687,78.47073725370858,3
ACC155,2025-10-21,22,Night,Under Construction,Foggy,Major,1,Car,Highway Exit 5,17.41186771609467,78.50363621520063,5
ACC156,2025-05-12,13,Afternoon,Dry,Foggy,Minor,1,Truck,Industrial Area,17.368373720063182,78.51270522633486,5
ACC157,2025-05-19,21,Night,Dry,Stormy,Major,2,Truck,Industrial Area,17.350564982861012,78.52710979865712,4
ACC158,2025-11-26,0,Night,Dry,Stormy,Minor,4,Auto Rickshaw,Airport Road,17.440410475503242,78.44654372747583,4
ACC159,2025-11-09,6,Morning,Wet,Rainy,Major,2,Bike,Industrial Area,17.36683435872976,78.52260078376055,4
ACC160,2025-11-23,14,Afternoon,Wet,Rainy,Major,1,Car,Market Road,17.404993589371717,78.46790143359613,6
ACC161,2025-01-10,21,Night,Wet,Stormy,Major,4,Car,Airport Road,17.445529695610304,78.4473465324613,6
ACC162,2025-01-16,10,Morning,Dry,Rainy,Major,5,Car,Downtown Junction,17.382932740244,78.48148875594477,4
ACC163,2025-07-16,17,Evening,Wet,Rainy,Minor,3,Bike,Airport Road,17.439171088016288,78.44001500587135,6
ACC164,2025-03-10,1,Night,Icy,Rainy,Minor,1,Bus,Airport Road,17.447216173714907,78.4520811736299,3
ACC165,2025-09-08,18,Evening,Under Construction,Rainy,Fatal,1,Auto Rickshaw,Airport Road,17.443046573584866,78.45038814540857,6
ACC166,2025-01-16,13,Afternoon,Wet,Rainy,Major,2,Auto Rickshaw,Market Road,17.403179053360265,78.46955904800178,1
ACC167,2025-04-24,7,Morning,Snowy,Clear,Minor,5,Truck,Downtown Junction,17.387597440841304,78.47704583667209,3
ACC168,2025-12-08,7,Morning,Wet,Rainy,Minor,4,Car,Highway Exit 5,17.40379819936877,78.50139887857365,6
ACC169,2025-12-01,9,Morning,Wet,Cloudy,Minor,4,Truck,Market Road,17.39714049304443,78.46105842412248,5
ACC170,2025-04-12,19,Evening,Under Construction,Rainy,Major,4,Truck,Downtown Junction,17.384926951724786,78.48970696457575,3
ACC171,2025-10-14,11,Morning,Icy,Rainy,Minor,2,Car,Market Road,17.3952166899249,78.46261273219454,1
ACC172,2025-04-28,18,Evening,Dry,Rainy,Minor,5,Bus,Airport Road,17.437763573697328,78.45987832630354,5
ACC173,2025-01-19,4,Night,Wet,Rainy,Minor,5,Bike,Highway Exit 5,17.4075837831462,78.4931846236261,5
ACC174,2025-11-14,19,Evening,Wet,Clear,Major,4,Auto Rickshaw,Market Road,17.39439834788967,78.47092098660454,2
ACC175,2025-11-10,2,Night,Wet,Clear,Major,5,Auto Rickshaw,Airport Road,17.44157479589136,78.45192242453037,0
ACC176,2025-05-21,22,Night,Under Construction,Cloudy,Minor,3,Car,Industrial Area,17.36822321361143,78.5148555456504,2
ACC177,2025-08-14,8,Morning,Wet,Rainy,Minor,4,Bus,Market Road,17.405788787272908,78.47157961255041,0
ACC178,2025-10-09,23,Night,Wet,Rainy,Major,5,Truck,Downtown Junction,17.378574244278322,78.48025048246821,5
ACC179,2025-12-27,1,Night,Wet,Clear,Major,5,Auto Rickshaw,Airport Road,17.441908992140316,78.45841419247387,3
ACC180,2025-02-20,15,Afternoon,Under Construction,Cloudy,Major,5,Bike,Highway Exit 5,17.414303124146734,78.50338184576385,6
ACC181,2025-08-27,20,Evening,Icy,Clear,Fatal,4,Bus,Market Road,17.3928738504608,78.47730141141493,3
ACC182,2025-07-13,5,Night,Under Construction,Clear,Minor,4,Bike,Industrial Area,17.354425181293,78.51401284469505,2
ACC183,2025-10-12,8,Morning,Wet,Rainy,Major,3,Auto Rickshaw,Airport Road,17.434627997207258,78.4403607292547,2
ACC184,2025-08-29,18,Evening,Dry,Rainy,Major,2,Car,Market Road,17.393135155046092,78.46270674579173,6
ACC185,2025-01-04,4,Night,Wet,Foggy,Major,3,Auto Rickshaw,Industrial Area,17.36977514939571,78.52075229933925,0
ACC186,2025-10-29,16,Afternoon,Dry,Foggy,Minor,4,Auto Rickshaw,Highway Exit 5,17.417202893707117,78.49246989784245,5
ACC187,2025-04-25,23,Night,Wet,Stormy,Minor,2,Auto Rickshaw,Market Road,17.38901376260095,78.46549483417299,4
ACC188,2025-07-11,19,Evening,Dry,Rainy,Major,4,Auto Rickshaw,Industrial Area,17.36178613701131,78.52877570586416,5
ACC189,2025-06-15,8,Morning,Wet,Foggy,Minor,1,Truck,Highway Exit 5,17.421243270791454,78.5058753599657,1
ACC190,2025-01-07,15,Afternoon,Wet,Cloudy,Major,3,Bus,Airport Road,17.436794992512777,78.44814920239922,6
ACC191,2025-05-09,1,Night,Snowy,Foggy,Major,3,Bike,Downtown Junction,17.387008413601965,78.49661383086728,0
ACC192,2025-01-28,1,Night,Wet,Stormy,Major,4,Auto Rickshaw,Highway Exit 5,17.406997459778538,78.49114557650498,2
ACC193,2025-11-28,6,Morning,Snowy,Cloudy,Minor,3,Car,Industrial Area,17.3565405233592,78.52861624389382,1
ACC194,2025-09-24,22,Night,Wet,Cloudy,Minor,3,Bus,Downtown Junction,17.388528005173793,78.48650052187192,5
ACC195,2025-01-20,15,Afternoon,Wet,Foggy,Minor,2,Auto Rickshaw,Airport Road,17.433943652945935,78.45053102775444,6
ACC196,2025-07-19,0,Night,Dry,Cloudy,Minor,3,Truck,Market Road,17.398748346538724,78.46931032544914,4
ACC197,2025-04-15,6,Morning,Wet,Rainy,Minor,5,Bus,Highway Exit 5,17.42070822794228,78.4970341194969,6
ACC198,2025-01-23,6,Morning,Under Construction,Rainy,Minor,2,Car,Highway Exit 5,17.421037805988536,78.50218115058101,0
ACC199,2025-05-19,14,Afternoon,Under Construction,Rainy,Minor,1,Truck,Airport Road,17.430593932850922,78.45229712484843,6
ACC200,2025-11-17,14,Afternoon,Wet,Rainy,Major,5,Bus,Industrial Area,17.355055348372336,78.51672650842636,0
ACC201,2025-01-02,4,Night,Wet,Foggy,Major,1,Truck,Downtown Junction,17.379212284122154,78.48777049591824,3
ACC202,2025-04-06,10,Morning,Snowy,Stormy,Major,1,Car,Highway Exit 5,17.41623999096127,78.50722769516202,4
ACC203,2025-12-19,19,Evening,Wet,Clear,Minor,2,Auto Rickshaw,Highway Exit 5,17.416520871323108,78.50388319642505,0
ACC204,2025-02-16,19,Evening,Wet,Rainy,Minor,5,Bike,Downtown Junction,17.38837448777342,78.48528853735965,5
ACC205,2025-06-01,20,Evening,Wet,Rainy,Major,1,Bus,Industrial Area,17.36681300312892,78.52451423486038,5
ACC206,2025-05-02,22,Night,Wet,Rainy,Major,3,Car,Downtown Junction,17.393147767954307,78.49663138837913,1
ACC207,2025-04-04,9,Morning,Icy,Rainy,Minor,3,Car,Market Road,17.40068373555321,78.46670038295046,2
ACC208,2025-07-27,3,Night,Wet,Rainy,Minor,5,Auto Rickshaw,Airport Road,17.43798279248168,78.45976946772086,5
ACC209,2025-11-16,15,Afternoon,Wet,Rainy,Major,5,Truck,Highway Exit 5,17.416534939021894,78.50798631064106,5
ACC210,2025-01-31,22,Night,Wet,Stormy,Minor,1,Bike,Industrial Area,17.361209161120428,78.52107310289259,4
ACC211,2025-07-06,20,Evening,Dry,Rainy,Minor,4,Auto Rickshaw,Industrial Area,17.353714235407242,78.52964221661497,1
ACC212,2025-11-08,17,Evening,Dry,Stormy,Minor,2,Bike,Airport Road,17.43636112530509,78.44343628183478,4
ACC213,2025-08-05,0,Night,Wet,Rainy,Major,4,Bus,Industrial Area,17.360441684356132,78.51909435879719,2
ACC214,2025-08-22,10,Morning,Snowy,Rainy,Minor,3,Bike,Highway Exit 5,17.41980987969126,78.50674030685767,6
ACC215,2025-01-26,12,Afternoon,Wet,Foggy,Minor,5,Bike,Airport Road,17.436567140099605,78.44560595401062,0
ACC216,2025-10-28,18,Evening,Dry,Clear,Major,2,Truck,Airport Road,17.443624501455446,78.44592083462814,3
ACC217,2025-02-27,12,Afternoon,Wet,Stormy,Minor,2,Car,Market Road,17.39324913609994,78.46181011761891,5
ACC218,2025-01-16,20,Evening,Wet,Rainy,Major,4,Bike,Highway Exit 5,17.407535335030964,78.49823146475434,6
ACC219,2025-07-27,15,Afternoon,Wet,Clear,Minor,5,Bike,Market Road,17.390373403829663,78.47455498870708,1
ACC220,2025-07-17,12,Afternoon,Snowy,Rainy,Minor,5,Truck,Downtown Junction,17.39162125956281,78.47783194285736,4
ACC221,2025-05-20,12,Afternoon,Wet,Rainy,Minor,3,Bike,Industrial Area,17.357268614268484,78.52910450666394,0
ACC222,2025-07-02,22,Night,Wet,Foggy,Minor,1,Bus,Downtown Junction,17.388250888873205,78.47992700869557,0
ACC223,2025-06-11,8,Morning,Snowy,Rainy,Major,3,Auto Rickshaw,Industrial Area,17.358954974467704,78.52833865637355,6
ACC224,2025-03-10,13,Afternoon,Icy,Foggy,Minor,3,Car,Market Road,17.392574913867932,78.47934346448338,3
ACC225,2025-11-08,1,Night,Wet,Rainy,Fatal,4,Auto Rickshaw,Downtown Junction,17.38471058648736,78.4898573723311,4
ACC226,2025-09-28,19,Evening,Snowy,Stormy,Minor,5,Car,Downtown Junction,17.375194063166116,78.49446817663274,2
ACC227,2025-11-11,19,Evening,Wet,Rainy,Fatal,5,Car,Downtown Junction,17.381463039299607,78.48113306008953,4
ACC228,2025-09-08,12,Afternoon,Icy,Stormy,Major,3,Bus,Airport Road,17.441929513692337,78.44173214894629,1
ACC229,2025-08-06,0,Night,Wet,Rainy,Minor,2,Bus,Market Road,17.396889002747475,78.47519568979963,3
ACC230,2025-12-18,18,Evening,Wet,Rainy,Minor,5,Car,Market Road,17.392329704437405,78.47794575097376,0
ACC231,2025-08-31,4,Night,Wet,Foggy,Minor,3,Truck,Airport Road,17.44728565548107,78.44090631071148,1
ACC232,2025-03-08,13,Afternoon,Icy,Cloudy,Minor,3,Bus,Highway Exit 5,17.40360365323797,78.494172778469,5
ACC233,2025-10-04,8,Morning,Wet,Rainy,Major,2,Truck,Highway Exit 5,17.408832060956136,78.50484670747383,3
ACC234,2025-08-11,12,Afternoon,Wet,Clear,Major,2,Auto Rickshaw,Market Road,17.39668774459759,78.47887203641032,4
ACC235,2025-11-26,12,Afternoon,Wet,Clear,Major,1,Bus,Airport Road,17.430684467244692,78.44043253087999,5
ACC236,2025-07-20,9,Morning,Snowy,Rainy,Minor,1,Truck,Downtown Junction,17.382278662813906,78.47849063476129,3
ACC237,2025-08-17,3,Night,Wet,Cloudy,Major,5,Bike,Airport Road,17.43465189448829,78.44398937278176,1
ACC238,2025-11-22,3,Night,Wet,Rainy,Minor,4,Bus,Market Road,17.395045171779092,78.46551833220522,1
ACC239,2025-07-01,22,Night,Dry,Stormy,Minor,2,Truck,Industrial Area,17.369526749127953,78.52042464263278,5
ACC240,2025-06-24,4,Night,Under Construction,Rainy,Major,3,Auto Rickshaw,Market Road,17.390765627295078,78.46787141652669,3
ACC241,2025-04-05,23,Night,Icy,Rainy,Minor,1,Auto Rickshaw,Downtown Junction,17.375833681591637,78.47983126729235,1
ACC242,2025-10-25,14,Afternoon,Wet,Cloudy,Major,2,Car,Airport Road,17.441063366458096,78.45683385458905,1
ACC243,2025-03-11,15,Afternoon,Wet,Rainy,Minor,3,Auto Rickshaw,Downtown Junction,17.38528661031518,78.47983187083585,2
ACC244,2025-08-17,15,Afternoon,Under Construction,Stormy,Minor,1,Truck,Downtown Junction,17.377185371332573,78.48324441523066,2
ACC245,2025-01-26,2,Night,Snowy,Stormy,Major,4,Bus,Downtown Junction,17.381573469530156,78.49064375299164,4
ACC246,2025-06-30,23,Night,Wet,Cloudy,Minor,1,Bike,Downtown Junction,17.38135419156152,78.47935993304993,5
ACC247,2025-01-31,21,Night,Snowy,Rainy,Minor,5,Car,Highway Exit 5,17.418730416846522,78.50593418862532,5
ACC248,2025-07-15,23,Night,Wet,Clear,Fatal,2,Auto Rickshaw,Highway Exit 5,17.414201051501248,78.50059575427667,1
ACC249,2025-06-01,6,Morning,Snowy,Cloudy,Major,1,Bike,Airport Road,17.443358226390387,78.44254425931685,2
ACC250,2025-06-13,20,Evening,Snowy,Foggy,Fatal,3,Auto Rickshaw,Downtown Junction,17.390637730006503,78.48620485652742,1
ACC251,2025-05-28,14,Afternoon,Wet,Clear,Fatal,1,Bus,Market Road,17.39178345386371,78.46782399074236,2
ACC252,2025-01-20,11,Morning,Icy,Rainy,Major,3,Truck,Market Road,17.39897630727201,78.47387328212545,4
ACC253,2025-11-18,1,Night,Wet,Stormy,Minor,5,Truck,Highway Exit 5,17.40873218786706,78.4961270145631,1
ACC254,2025-06-09,8,Morning,Under Construction,Foggy,Fatal,1,Bus,Airport Road,17.432280668982788,78.44752077155364,2
ACC255,2025-06-25,6,Morning,Wet,Foggy,Minor,3,Bus,Highway Exit 5,17.403245738937613,78.49585539946509,4
ACC256,2025-10-04,18,Evening,Wet,Foggy,Major,4,Truck,Highway Exit 5,17.41058011185733,78.49369076243414,1
ACC257,2025-07-02,10,Morning,Dry,Rainy,Minor,4,Bike,Downtown Junction,17.37696418711577,78.49095316045761,1
ACC258,2025-03-13,9,Morning,Wet,Rainy,Major,1,Bike,Highway Exit 5,17.406040641912146,78.49984680237334,2
ACC259,2025-05-27,14,Afternoon,Under Construction,Rainy,Fatal,5,Bike,Market Road,17.389487556870673,78.47607756539117,1
ACC260,2025-05-22,14,Afternoon,Wet,Cloudy,Major,3,Truck,Downtown Junction,17.379379638093862,78.49493070989372,1
ACC261,2025-07-23,5,Night,Dry,Rainy,Major,2,Bike,Industrial Area,17.35584165974656,78.5197889473104,2
ACC262,2025-03-23,18,Evening,Wet,Foggy,Major,1,Car,Airport Road,17.43469418438868,78.4484035462545,5
ACC263,2025-10-19,7,Morning,Wet,Rainy,Major,3,Bike,Airport Road,17.43555065339531,78.44293017525372,1
ACC264,2025-03-14,11,Morning,Wet,Clear,Minor,4,Bus,Highway Exit 5,17.41409496511087,78.50284330261609,6
ACC265,2025-07-22,7,Morning,Icy,Rainy,Minor,1,Auto Rickshaw,Highway Exit 5,17.406159321991517,78.49114399542938,1
ACC266,2025-03-01,3,Night,Dry,Stormy,Minor,5,Truck,Industrial Area,17.367362840782747,78.5192224952267,5
ACC267,2025-10-27,6,Morning,Wet,Rainy,Minor,3,Bike,Downtown Junction,17.393219926156878,78.47938243579681,1
ACC268,2025-11-02,2,Night,Wet,Rainy,Major,4,Auto Rickshaw,Highway Exit 5,17.417922900980358,78.5059268250755,1
ACC269,2025-03-14,21,Night,Wet,Rainy,Minor,3,Truck,Airport Road,17.437205536798196,78.45621454346494,0
ACC270,2025-12-31,16,Afternoon,Dry,Clear,Fatal,4,Bus,Highway Exit 5,17.409675530619875,78.50646972043474,3
ACC271,2025-07-17,20,Evening,Snowy,Rainy,Minor,4,Auto Rickshaw,Airport Road,17.431056016483343,78.44273755996804,6
ACC272,2025-02-26,2,Night,Under Construction,Cloudy,Minor,2,Bus,Industrial Area,17.36476378173,78.5265072168942,5
ACC273,2025-03-30,10,Morning,Icy,Rainy,Minor,2,Car,Market Road,17.389186908300264,78.46461370114801,2
ACC274,2025-05-22,3,Night,Icy,Stormy,Minor,1,Auto Rickshaw,Airport Road,17.433205370365226,78.44749284688969,5
ACC275,2025-12-21,13,Afternoon,Wet,Foggy,Minor,4,Bus,Industrial Area,17.35910290119897,78.51715563996382,6
ACC276,2025-02-15,16,Afternoon,Icy,Clear,Fatal,4,Car,Highway Exit 5,17.40850951992593,78.49552605059404,5
ACC277,2025-04-08,9,Morning,Wet,Foggy,Major,5,Auto Rickshaw,Downtown Junction,17.38477084080363,78.4816700131015,4
ACC278,2025-03-12,20,Evening,Wet,Cloudy,Major,5,Bus,Airport Road,17.44965366704224,78.44051185424479,5
ACC279,2025-12-31,5,Night,Icy,Rainy,Fatal,1,Car,Highway Exit 5,17.4176064296838,78.49336201617207,4
ACC280,2025-07-20,7,Morning,Dry,Clear,Fatal,2,Auto Rickshaw,Downtown Junction,17.38524104060875,78.48176008803699,4
ACC281,2025-07-10,18,Evening,Wet,Rainy,Minor,2,Bus,Market Road,17.393559799340565,78.4719523058392,1
ACC282,2025-12-08,19,Evening,Wet,Clear,Minor,2,Bus,Industrial Area,17.351625005726554,78.51175579346123,1
ACC283,2025-11-08,15,Afternoon,Wet,Foggy,Major,1,Bike,Downtown Junction,17.381505937051774,78.49197576145195,1
ACC284,2025-05-25,1,Night,Wet,Clear,Minor,2,Bus,Market Road,17.396994024082733,78.47300398659326,2
ACC285,2025-11-22,20,Evening,Dry,Stormy,Minor,3,Bus,Downtown Junction,17.3793190688278,78.48774593527875,4
ACC286,2025-01-31,23,Night,Icy,Rainy,Major,2,Bus,Market Road,17.4025982158439,78.47220951550472,5
ACC287,2025-08-20,13,Afternoon,Wet,Foggy,Major,4,Car,Market Road,17.40525062688343,78.47647690077333,6
ACC288,2025-10-09,20,Evening,Wet,Rainy,Major,4,Auto Rickshaw,Industrial Area,17.359365080215472,78.52428688219841,5
ACC289,2025-03-06,9,Morning,Dry,Rainy,Minor,4,Bike,Downtown Junction,17.393570728562327,78.48644849946753,6
ACC290,2025-11-27,19,Evening,Icy,Rainy,Minor,1,Bike,Market Road,17.40653314446719,78.4730475669784,5
ACC291,2025-10-31,1,Night,Icy,Clear,Minor,5,Truck,Market Road,17.406484822723968,78.46898747695909,3
ACC292,2025-10-27,11,Morning,Under Construction,Rainy,Major,3,Car,Downtown Junction,17.376582033046336,78.48976078876139,5
ACC293,2025-09-04,21,Night,Dry,Stormy,Minor,3,Bike,Market Road,17.396310910569095,78.47367236253221,3
ACC294,2025-11-06,21,Night,Icy,Stormy,Minor,5,Auto Rickshaw,Airport Road,17.44806233661158,78.45183053283218,3
ACC295,2025-09-23,20,Evening,Under Construction,Rainy,Major,3,Auto Rickshaw,Airport Road,17.44435374050568,78.44243986971753,1
ACC296,2025-05-04,14,Afternoon,Dry,Rainy,Major,2,Bike,Industrial Area,17.364158200399533,78.51367306481303,6
ACC297,2025-01-11,7,Morning,Snowy,Stormy,Minor,3,Truck,Downtown Junction,17.38079367457543,78.47867903143212,3
ACC298,2025-12-04,11,Morning,Snowy,Rainy,Minor,5,Auto Rickshaw,Downtown Junction,17.38280173384558,78.47814574048749,0
ACC299,2025-08-01,22,Night,Under Construction,Rainy,Major,1,Bus,Industrial Area,17.362396544452366,78.52906228554014,0
ACC300,2025-01-10,4,Night,Icy,Cloudy,Minor,1,Car,Industrial Area,17.36672661544289,78.52782200348291,4
ACC301,2025-06-24,13,Afternoon,Wet,Rainy,Minor,4,Truck,Airport Road,17.44861988520683,78.45995455338968,1
ACC302,2025-09-24,1,Night,Wet,Rainy,Major,4,Bike,Industrial Area,17.36079618740258,78.51946362345832,1
ACC303,2025-10-28,11,Morning,Under Construction,Rainy,Minor,3,Car,Highway Exit 5,17.41459660258388,78.49793411126583,2
ACC304,2025-03-18,9,Morning,Wet,Rainy,Fatal,4,Bike,Highway Exit 5,17.407966692433344,78.49044429797841,3
ACC305,2025-05-26,15,Afternoon,Wet,Rainy,Minor,1,Truck,Highway Exit 5,17.420220518936173,78.4906202208534,5
ACC306,2025-07-08,10,Morning,Dry,Rainy,Major,1,Bus,Downtown Junction,17.38905896345202,78.47997027381447,5
ACC307,2025-06-18,1,Night,Under Construction,Cloudy,Minor,1,Bus,Airport Road,17.44880770171533,78.44745701680908,5
ACC308,2025-05-09,1,Night,Wet,Rainy,Major,2,Bike,Highway Exit 5,17.415467020927526,78.49697874762649,4
ACC309,2025-10-17,20,Evening,Dry,Rainy,Minor,5,Car,Industrial Area,17.3587425675798,78.5170100598156,2
ACC310,2025-08-01,6,Morning,Icy,Rainy,Major,5,Bus,Downtown Junction,17.383656208060785,78.47924916692284,4
ACC311,2025-11-23,1,Night,Under Construction,Cloudy,Minor,2,Auto Rickshaw,Highway Exit 5,17.41709263394461,78.48915854345552,1
ACC312,2025-11-27,1,Night,Wet,Rainy,Minor,4,Auto Rickshaw,Highway Exit 5,17.417847420396082,78.50721882363172,0
ACC313,2025-06-03,6,Morning,Under Construction,Rainy,Minor,1,Truck,Downtown Junction,17.389736576540447,78.4900605979944,6
ACC314,2025-01-12,7,Morning,Dry,Clear,Minor,1,Bus,Downtown Junction,17.386860701283712,78.48751628935484,2
ACC315,2025-10-19,2,Night,Under Construction,Rainy,Major,5,Auto Rickshaw,Airport Road,17.435439967436615,78.45838061112923,4
ACC316,2025-12-26,17,Evening,Snowy,Rainy,Major,1,Truck,Downtown Junction,17.392641247894886,78.47690518917844,2
ACC317,2025-08-24,4,Night,Wet,Rainy,Minor,1,Bus,Market Road,17.40464261599204,78.47378211178804,2
ACC318,2025-07-12,10,Morning,Wet,Rainy,Minor,5,Truck,Downtown Junction,17.377870295009384,78.49157467716655,5
ACC319,2025-06-29,5,Night,Icy,Rainy,Minor,2,Truck,Highway Exit 5,17.409009177542156,78.49074336431353,2
ACC320,2025-03-22,6,Morning,Snowy,Foggy,Major,2,Auto Rickshaw,Highway Exit 5,17.405587314762368,78.50702058914464,0
ACC321,2025-10-04,8,Morning,Wet,Rainy,Minor,5,Bike,Airport Road,17.44460523602763,78.45900294975581,2
ACC322,2025-06-26,13,Afternoon,Dry,Rainy,Minor,3,Auto Rickshaw,Downtown Junction,17.37818390457438,78.48456915836675,2
ACC323,2025-02-05,0,Night,Wet,Rainy,Fatal,5,Car,Industrial Area,17.357432186258432,78.52213338020715,6
ACC324,2025-08-13,5,Night,Dry,Cloudy,Minor,1,Bike,Downtown Junction,17.392742615456545,78.48254217920118,5
ACC325,2025-04-27,5,Night,Wet,Foggy,Major,4,Car,Downtown Junction,17.387229200020034,78.4847687419437,6
ACC326,2025-01-07,10,Morning,Wet,Rainy,Minor,5,Bus,Downtown Junction,17.39403739301077,78.47709312589494,3
ACC327,2025-08-14,6,Morning,Wet,Clear,Minor,5,Bus,Industrial Area,17.362930508536728,78.52107411253652,3
ACC328,2025-12-08,23,Night,Wet,Rainy,Minor,3,Truck,Industrial Area,17.35766853363111,78.52678574780766,2
ACC329,2025-09-10,17,Evening,Wet,Stormy,Major,4,Bus,Downtown Junction,17.38379214627681,78.48096270664345,5
ACC330,2025-09-30,16,Afternoon,Icy,Clear,Minor,3,Truck,Highway Exit 5,17.407508628614373,78.49631811989812,2
ACC331,2025-07-30,1,Night,Snowy,Stormy,Minor,4,Bus,Airport Road,17.43150323012877,78.44716754243412,6
ACC332,2025-08-18,17,Evening,Wet,Rainy,Major,4,Bike,Highway Exit 5,17.416495487514286,78.50513664923866,3
ACC333,2025-03-30,19,Evening,Wet,Rainy,Minor,5,Auto Rickshaw,Industrial Area,17.36832920922285,78.5208702138331,3
ACC334,2025-10-21,15,Afternoon,Wet,Cloudy,Minor,5,Truck,Downtown Junction,17.39429359418274,78.48324539178832,5
ACC335,2025-08-25,2,Night,Wet,Rainy,Minor,4,Car,Market Road,17.403568372784054,78.46968242860866,4
ACC336,2025-07-18,16,Afternoon,Wet,Rainy,Minor,2,Auto Rickshaw,Airport Road,17.44190533231995,78.45420006414672,5
ACC337,2025-05-09,8,Morning,Icy,Clear,Fatal,3,Bus,Industrial Area,17.36711719029424,78.51415325356456,3
ACC338,2025-05-05,20,Evening,Icy,Cloudy,Major,1,Car,Market Road,17.388527033534967,78.47190149814926,0
ACC339,2025-01-02,3,Night,Dry,Stormy,Fatal,4,Truck,Highway Exit 5,17.41500608716986,78.49732436810322,3
ACC340,2025-08-01,5,Night,Wet,Rainy,Major,1,Bike,Airport Road,17.431237754772617,78.44955302022528,3
ACC341,2025-05-30,4,Night,Icy,Rainy,Minor,3,Bike,Market Road,17.402837770419506,78.47432584261443,3
ACC342,2025-11-10,21,Night,Snowy,Cloudy,Fatal,2,Truck,Highway Exit 5,17.419709357194044,78.503101490133,5
ACC343,2025-02-07,0,Night,Wet,Clear,Minor,5,Truck,Airport Road,17.437501583965368,78.45424984029276,3
ACC344,2025-08-01,7,Morning,Wet,Foggy,Minor,4,Bike,Industrial Area,17.36412408171406,78.5134016332093,4
ACC345,2025-08-01,17,Evening,Wet,Clear,Minor,3,Auto Rickshaw,Highway Exit 5,17.40538702497635,78.49722848204748,3
ACC346,2025-02-19,16,Afternoon,Wet,Rainy,Major,4,Bus,Airport Road,17.43244845181181,78.45105255302876,3
ACC347,2025-10-11,12,Afternoon,Dry,Rainy,Minor,2,Bus,Market Road,17.396560560491462,78.46895628251168,2
ACC348,2025-04-25,6,Morning,Dry,Clear,Minor,3,Bus,Airport Road,17.444695029405597,78.4431960411764,4
ACC349,2025-10-15,0,Night,Wet,Rainy,Major,2,Bike,Airport Road,17.433209697791153,78.44446948808378,1
ACC350,2025-09-28,10,Morning,Wet,Rainy,Major,1,Auto Rickshaw,Industrial Area,17.356518075101263,78.52305680611803,0
